participant_number,path,trial_type,exclude_bearing,exclude_distance_time,time_seconds,success,start_bearing_no_belt,start_bearing_with_belt,end_bearing_no_belt,end_bearing_with_belt,actual_start_bearing,actual_end_bearing,dist_err_points,dist_err_max,dist_err_mean,dist_err_sd,dist_err_percentoff,trial_across_both_experiments,experienced_with_building,led_out_experiment_2,gender,age,total_years_experience,career_experience,volunteer_experience,prior_in_cottage,q1,q2,q3,q4,q6,q7,q8,q9,q10,q11,q12,q13,q14,q15,q16,q17,actual_path_distance_total,actual_path_distance_to_door,failure_location_x,failure_location_y,failure_reason_1_is_wrong_turn_2_time_3_completed_incorrectly,ideal_recovery_distance_meters,run_path_to_end,trial,experiment,participant_type,first_experiment,path_distance_meters,know_where_percent,influence_decisions
4,E2P2,no_belt,,0,17,yes,290,,110,,275,88,142,0.9,0.3,0.2,0,1,no,no,m,36,6.5,6,0.5,1,5,1,5,5,5,5,5,5,5,5,5,5,5,1,1,1,38.40017484,26.42643895,,,,,,1,2,odd,2,12.79344715,0,no
4,E2P3,yes_belt,,0,107,yes,,320,190,210,357,195,1141,0.9,0.3,0.2,0,2,no,no,m,36,6.5,6,0.5,1,5,1,5,5,5,5,5,5,5,5,5,5,5,1,1,1,40.36174334,107.7581729,,,,,,2,2,odd,2,47.84074878,0,no
4,E2P1,no_belt,,0,90,no,305,,30,,294,60,931,4.5,1.3,1.1,38,3,no,no,m,36,6.5,6,0.5,1,5,1,5,5,5,5,5,5,5,5,5,5,5,1,1,1,165.0304971,143.0154434,440,780,1,87.7922,,3,2,odd,2,52.39690932,0,no
4,E2P2,yes_belt,,0,31,yes,,260,95,85,275,88,3049,4,1.4,0.8,68,4,no,no,m,36,6.5,6,0.5,1,5,1,5,5,5,5,5,5,5,5,5,5,5,1,1,1,38.40017484,26.42643895,,,,,,4,2,odd,2,62.51935001,0,no
4,E2P3,no_belt,,0,72,no,315,,180,,357,156,924,6.6,2.2,2.5,41,5,no,no,m,36,6.5,6,0.5,1,5,1,5,5,5,5,5,5,5,5,5,5,5,1,1,1,40.36174334,107.7581729,1550,270,1,40.2034,,5,2,odd,2,43.12635441,0,no
4,E2P1,yes_belt,,0,183,yes,,295,155,125,294,118,1971,1.1,0.2,0.2,0,6,no,no,m,36,6.5,6,0.5,1,5,1,5,5,5,5,5,5,5,5,5,5,5,1,1,1,165.0304971,143.0154434,,,,,,6,2,odd,2,77.19795124,0,no
4,E1P1,yes_belt,,0,110,yes,,335,150,205,345,179,868,2,0.5,0.6,12,7,no,no,m,36,6.5,6,0.5,1,5,1,5,5,5,5,5,5,5,5,5,5,5,1,1,1,,35.7053669,,,,,,7,1,odd,2,24.01352134,0,no
4,E1P2,no_belt,,0,90,yes,45,,285,,156,324,1196,3.7,1.1,1,28,8,no,no,m,36,6.5,6,0.5,1,5,1,5,5,5,5,5,5,5,5,5,5,5,1,1,1,,39.08095424,,,,,,8,1,odd,2,47.14168751,0,no
4,E1P3,yes_belt,,0,51,yes,,310,115,125,301,118,479,0.7,0.3,0.2,0,9,no,no,m,36,6.5,6,0.5,1,5,1,5,5,5,5,5,5,5,5,5,5,5,1,1,1,,40.36174334,,,,,,9,1,odd,2,24.01352134,0,no
4,E1P1,no_belt,,0,29,yes,355,,195,,345,179,287,0.9,0.3,0.2,0,10,no,no,m,36,6.5,6,0.5,1,5,1,5,5,5,5,5,5,5,5,5,5,5,1,1,1,,35.7053669,,,,,,10,1,odd,2,19.73102765,0,no
4,E1P2,yes_belt,,0,180,no,,225,355,275,156,297,1881,6.8,2.3,2,53,11,no,no,m,36,6.5,6,0.5,1,5,1,5,5,5,5,5,5,5,5,5,5,5,1,1,1,,39.08095424,,,,,,11,1,odd,2,24.01352134,0,no
4,E1P3,no_belt,,0,30,yes,285,,160,,301,118,289,0.7,0.3,0.2,0,12,no,no,m,36,6.5,6,0.5,1,5,1,5,5,5,5,5,5,5,5,5,5,5,1,1,1,,40.36174334,,,,,,12,1,odd,2,48.60743115,0,no
6,E1P1,no_belt,,0,84,yes,355,,195,,345,179,800,6.3,2,1.9,46,1,no,no,m,27,20,6,14,1,4,2,5,5,4,5,5,4,5,5,3,3,2,4,4,4,,35.7053669,,,,,,1,1,even,1,36.72444859,25,unsure
6,E1P2,yes_belt,,0,75,yes,,175,315,335,156,324,880,1.7,0.4,0.3,1,2,no,no,m,27,20,6,14,1,4,2,5,5,4,5,5,4,5,5,3,3,2,4,4,4,,39.08095424,,,,,,2,1,even,1,22.99332226,25,no
6,E1P3,no_belt,,0,40,yes,270,,155,,301,118,450,1,0.3,0.2,0,3,no,no,m,27,20,6,14,1,4,2,5,5,4,5,5,4,5,5,3,3,2,4,4,4,,40.36174334,,,,,,3,1,even,1,21.71101353,40,no
6,E1P1,yes_belt,,0,60,yes,,355,180,210,345,179,651,1,0.3,0.2,0,4,no,no,m,27,20,6,14,1,4,2,5,5,4,5,5,4,5,5,3,3,2,4,4,4,,35.7053669,,,,,,4,1,even,1,19.96639878,0,no
6,E1P2,no_belt,,0,74,yes,80,,325,,156,324,726,3.6,1.3,1.2,41,5,no,no,m,27,20,6,14,1,4,2,5,5,4,5,5,4,5,5,3,3,2,4,4,4,,39.08095424,,,,,,5,1,even,1,26.11267476,0,no
6,E1P3,yes_belt,,0,55,yes,,310,115,95,301,118,224,1.4,0.4,0.3,0,6,no,no,m,27,20,6,14,1,4,2,5,5,4,5,5,4,5,5,3,3,2,4,4,4,,40.36174334,,,,,,6,1,even,1,21.47986052,0,no
6,E2P2,yes_belt,,0,32,yes,,270,45,90,275,88,424,0.7,0.3,0.2,0,7,no,no,m,27,20,6,14,1,4,2,5,5,4,5,5,4,5,5,3,3,2,4,4,4,38.40017484,26.42643895,,,,,,7,2,even,1,15.85617163,25,no
6,E2P3,no_belt,,0,103,yes,5,,195,,357,195,967,0.8,0.2,0.2,0,8,no,no,m,27,20,6,14,1,4,2,5,5,4,5,5,4,5,5,3,3,2,4,4,4,40.36174334,107.7581729,,,,,,8,2,even,1,41.26940383,25,yes
6,E2P1,yes_belt,,0,225,yes,,305,130,110,294,118,2222,5.4,0.6,0.7,11,9,no,no,m,27,20,6,14,1,4,2,5,5,4,5,5,4,5,5,3,3,2,4,4,4,165.0304971,143.0154434,,,,,,9,2,even,1,94.93595344,0,no
6,E2P2,no_belt,,0,24,yes,260,,30,,275,88,296,0.9,0.3,0.2,0,10,no,no,m,27,20,6,14,1,4,2,5,5,4,5,5,4,5,5,3,3,2,4,4,4,38.40017484,26.42643895,,,,,,10,2,even,1,12.90485705,25,no
6,E2P3,yes_belt,,0,136,yes,,285,180,170,357,195,1316,3.2,0.6,0.7,10,11,no,no,m,27,20,6,14,1,4,2,5,5,4,5,5,4,5,5,3,3,2,4,4,4,40.36174334,107.7581729,,,,,,11,2,even,1,57.98178646,10,no
6,E2P1,no_belt,,0,126,no,330,,130,,294,71,1303,5.7,0.5,1.1,7,12,no,no,m,27,20,6,14,1,4,2,5,5,4,5,5,4,5,5,3,3,2,4,4,4,165.0304971,143.0154434,,,3,,,12,2,even,1,96.66617524,10,no
7,E2P2,no_belt,,0,85,yes,255,,90,,275,88,356,1,0.3,0.2,0,1,no,no,m,36,7,5,2,1,4,1,5,4,4,5,5,5,5,5,3,4,1,4,3,2,38.40017484,26.42643895,,,,,,1,2,odd,2,22.1033214,0,no
7,E2P3,yes_belt,,0,213,yes,,340,210,200,357,195,2021,1,0.3,0.2,0,2,no,no,m,36,7,5,2,1,4,1,5,4,4,5,5,5,5,5,3,4,1,4,3,2,40.36174334,107.7581729,,,,,,2,2,odd,2,49.9782457,20,no
7,E2P1,no_belt,,0,64,no,115,,75,,294,67,757,4.5,1.8,1.9,43,3,no,no,m,36,7,5,2,1,4,1,5,4,4,5,5,5,5,5,3,4,1,4,3,2,165.0304971,143.0154434,880,1720,1,126.7718,,3,2,odd,2,46.71361329,0,no
7,E2P2,yes_belt,,0,62,no,,240,5,80,275,102,151,0.9,0.4,0.2,0,4,no,no,m,36,7,5,2,1,4,1,5,4,4,5,5,5,5,5,3,4,1,4,3,2,38.40017484,26.42643895,1540,902,1,9.1022,,4,2,odd,2,20.78626853,0,no
7,E2P3,no_belt,,1,84,no,360,,55,,357,80,0,0,0,0,0,5,no,no,m,36,7,5,2,1,4,1,5,4,4,5,5,5,5,5,3,4,1,4,3,2,40.36174334,107.7581729,820,590,1,107.7581,,5,2,odd,2,18.31214736,10,no
7,E2P1,yes_belt,,0,372,yes,,280,210,90,294,118,3623,2.1,0.4,0.4,3,6,no,no,m,36,7,5,2,1,4,1,5,4,4,5,5,5,5,5,3,4,1,4,3,2,165.0304971,143.0154434,,,,,,6,2,odd,2,90.90370184,10,no
7,E1P1,no_belt,,0,89,yes,340,,190,,345,179,820,1,0.3,0.2,0,7,no,no,m,36,7,5,2,1,4,1,5,4,4,5,5,5,5,5,3,4,1,4,3,2,,35.7053669,,,,,,7,1,even,2,26.35484437,50,no
7,E1P2,yes_belt,,0,174,yes,,160,50,330,156,324,1824,2.5,0.8,0.7,19,8,no,no,m,36,7,5,2,1,4,1,5,4,4,5,5,5,5,5,3,4,1,4,3,2,,39.08095424,,,,,,8,1,even,2,38.16995742,30,no
7,E1P3,no_belt,,0,62,yes,255,,150,,301,118,624,0.8,0.3,0.2,0,9,no,no,m,36,7,5,2,1,4,1,5,4,4,5,5,5,5,5,3,4,1,4,3,2,,40.36174334,,,,,,9,1,even,2,21.82052203,50,no
7,E1P1,yes_belt,,0,106,yes,,10,165,200,345,179,1010,1.1,0.3,0.2,0,10,no,no,m,36,7,5,2,1,4,1,5,4,4,5,5,5,5,5,3,4,1,4,3,2,,35.7053669,,,,,,10,1,even,2,22.92893486,35,no
7,E1P2,no_belt,,0,109,yes,140,,320,,156,324,1180,4,1,1.1,28,11,no,no,m,36,7,5,2,1,4,1,5,4,4,5,5,5,5,5,3,4,1,4,3,2,,39.08095424,,,,,,11,1,even,2,33.05085632,40,no
7,E1P3,yes_belt,,0,87,yes,,315,215,125,301,118,835,1.3,0.2,0.2,0,12,no,no,m,36,7,5,2,1,4,1,5,4,4,5,5,5,5,5,3,4,1,4,3,2,,40.36174334,,,,,,12,1,even,2,25.46860119,20,no
8,E1P1,yes_belt,,0,121,yes,,345,140,180,345,179,1183,0.9,0.2,0.1,0,1,no,no,m,37,24,14,10,1,5,2,3,3,5,4,5,5,3,4,4,5,4,4,2,2,,35.7053669,,,,,,1,1,odd,1,26.58175289,0,no
8,E1P2,no_belt,,0,180,no,155,,315,,156,315,1824,3.9,1.4,0.9,38,2,no,no,m,37,24,14,10,1,5,2,3,3,5,4,5,5,3,4,4,5,4,4,2,2,,39.08095424,,,,,,2,1,odd,1,56.05813672,0,no
8,E1P3,yes_belt,1,1,210,no,,290,50,90,301,26,0,0,0,0,0,3,no,no,m,37,24,14,10,1,5,2,3,3,5,4,5,5,3,4,4,5,4,4,2,2,,40.36174334,,,,,,3,1,odd,1,23.3422893,0,no
8,E1P1,no_belt,,0,240,no,40,,145,,345,173,2624,9.5,3.4,2.5,74,4,no,no,m,37,24,14,10,1,5,2,3,3,5,4,5,5,3,4,4,5,4,4,2,2,,35.7053669,,,,,,4,1,odd,1,68.58219892,0,no
8,E1P2,yes_belt,,0,73,yes,,180,100,315,156,324,710,1.5,0.4,0.4,0,5,no,no,m,37,24,14,10,1,5,2,3,3,5,4,5,5,3,4,4,5,4,4,2,2,,39.08095424,,,,,,5,1,odd,1,20.10282571,0,no
8,E1P3,no_belt,,0,160,yes,280,,125,,301,118,1325,4.1,1.5,1.2,50,6,no,no,m,37,24,14,10,1,5,2,3,3,5,4,5,5,3,4,4,5,4,4,2,2,,40.36174334,,,,,,6,1,odd,1,36.84680388,0,no
8,E2P2,yes_belt,,0,47,yes,,295,90,65,275,88,138,0.9,0.5,0.2,0,7,no,no,m,37,24,14,10,1,5,2,3,3,5,4,5,5,3,4,4,5,4,4,2,2,38.40017484,26.42643895,,,,,,7,2,even,1,14.60500226,0,no
8,E2P3,no_belt,,0,93,no,20,,295,,357,267,951,5.8,1.4,1.9,26,8,no,no,m,37,24,14,10,1,5,2,3,3,5,4,5,5,3,4,4,5,4,4,2,2,40.36174334,107.7581729,870,2250,1,56.8748,,8,2,even,1,18.16011937,0,no
8,E2P1,yes_belt,,0,320,yes,,270,190,110,294,118,3173,1.9,0.4,0.4,3,9,no,no,m,37,24,14,10,1,5,2,3,3,5,4,5,5,3,4,4,5,4,4,2,2,165.0304971,143.0154434,,,,,,9,2,even,1,89.4569538,0,no
8,E2P2,no_belt,,0,30,yes,280,,75,,275,88,271,1.1,0.3,0.3,0,10,no,no,m,37,24,14,10,1,5,2,3,3,5,4,5,5,3,4,4,5,4,4,2,2,38.40017484,26.42643895,,,,,,10,2,even,1,13.42502442,0,no
8,E2P3,yes_belt,,0,179,yes,,300,120,205,357,195,1665,1.9,0.4,0.3,2,11,no,no,m,37,24,14,10,1,5,2,3,3,5,4,5,5,3,4,4,5,4,4,2,2,40.36174334,107.7581729,,,,,,11,2,even,1,52.91156929,0,no
8,E2P1,no_belt,,0,52,no,170,,5,,294,54,734,7.2,1.6,2.1,33,12,no,no,m,37,24,14,10,1,5,2,3,3,5,4,5,5,3,4,4,5,4,4,2,2,165.0304971,143.0154434,790,1800,1,128.7186,,12,2,even,1,22.89521432,0,no
9,E2P2,no_belt,,0,41,yes,265,,80,,275,88,452,0.9,0.3,0.2,0,1,no,no,m,47,27,26,1,0,5,1,5,5,4,5,5,5,5,4,2,4,1,4,4,4,38.40017484,26.42643895,,,,,,1,2,odd,2,18.21408392,50,no
9,E2P3,yes_belt,,0,119,yes,,360,230,230,357,195,1202,1,0.4,0.3,0,2,no,no,m,47,27,26,1,0,5,1,5,5,4,5,5,5,5,4,2,4,1,4,4,4,40.36174334,107.7581729,,,,,,2,2,odd,2,50.48092634,50,no
9,E2P1,no_belt,,0,100,no,255,,355,,294,59,1210,4.4,2.1,1.7,54,3,no,no,m,47,27,26,1,0,5,1,5,5,4,5,5,5,5,4,2,4,1,4,4,4,165.0304971,143.0154434,890,1780,1,137.6292,,3,2,odd,2,32.47615613,10,no
9,E2P2,yes_belt,,0,29,yes,,255,40,30,275,88,242,1.1,0.3,0.3,0,4,no,no,m,47,27,26,1,0,5,1,5,5,4,5,5,5,5,4,2,4,1,4,4,4,38.40017484,26.42643895,,,,,,4,2,odd,2,14.13932498,90,no
9,E2P3,no_belt,,0,217,yes,15,,180,,357,195,1223,1.6,0.4,0.3,1,5,no,no,m,47,27,26,1,0,5,1,5,5,4,5,5,5,5,4,2,4,1,4,4,4,40.36174334,107.7581729,,,,,,5,2,odd,2,78.05000768,75,no
9,E2P1,yes_belt,,0,209,yes,,280,180,165,294,118,2161,1.9,0.4,0.3,2,6,no,no,m,47,27,26,1,0,5,1,5,5,4,5,5,5,5,4,2,4,1,4,4,4,165.0304971,143.0154434,,,,,,6,2,odd,2,87.59553579,0,no
9,E1P1,yes_belt,,0,64,yes,,360,180,190,345,179,569,1,0.3,0.2,0,7,no,no,m,47,27,26,1,0,5,1,5,5,4,5,5,5,5,4,2,4,1,4,4,4,,35.7053669,,,,,,7,1,odd,2,23.56881871,10,no
9,E1P2,no_belt,,0,42,yes,125,,325,,156,324,1899,7.2,0.8,0.8,6,8,no,no,m,47,27,26,1,0,5,1,5,5,4,5,5,5,5,4,2,4,1,4,4,4,,39.08095424,,,,,,8,1,odd,2,44.24272536,80,no
9,E1P3,yes_belt,,0,48,yes,,275,145,155,301,118,462,1.3,0.3,0.2,0,9,no,no,m,47,27,26,1,0,5,1,5,5,4,5,5,5,5,4,2,4,1,4,4,4,,40.36174334,,,,,,9,1,odd,2,24.59017326,75,no
9,E1P1,no_belt,,0,43,yes,360,,190,,345,179,376,0.9,0.3,0.2,0,10,no,no,m,47,27,26,1,0,5,1,5,5,4,5,5,5,5,4,2,4,1,4,4,4,,35.7053669,,,,,,10,1,odd,2,17.28206833,100,yes
9,E1P2,yes_belt,,0,58,yes,,175,310,320,156,324,761,1.9,0.5,0.4,3,11,no,no,m,47,27,26,1,0,5,1,5,5,4,5,5,5,5,4,2,4,1,4,4,4,,39.08095424,,,,,,11,1,odd,2,25.93205878,80,no
9,E1P3,no_belt,,0,41,yes,290,,155,,301,118,563,1.2,0.3,0.2,0,12,no,no,m,47,27,26,1,0,5,1,5,5,4,5,5,5,5,4,2,4,1,4,4,4,,40.36174334,,,,,,12,1,odd,2,23.99735713,90,no
10,E1P1,no_belt,,1,207,yes,20,,215,,345,179,0,0,0,0,0,1,yes,no,m,32,18,12,6,4,4,2,4,5,5,4,5,5,4,3,3,5,1,4,2,2,,35.7053669,,,,,,1,1,even,1,38.51822092,0,no
10,E1P2,yes_belt,,0,81,yes,,140,350,284,156,324,1013,1.5,0.4,0.3,0,2,yes,no,m,32,18,12,6,4,4,2,4,5,5,4,5,5,4,3,3,5,1,4,2,2,,39.08095424,,,,,,2,1,even,1,25.1925004,0,no
10,E1P3,no_belt,,0,54,yes,235,,145,,301,118,504,1,0.2,0.2,0,3,yes,no,m,32,18,12,6,4,4,2,4,5,5,4,5,5,4,3,3,5,1,4,2,2,,40.36174334,,,,,,3,1,even,1,27.7438116,0,no
10,E1P1,yes_belt,,0,85,yes,,350,185,200,345,179,718,1,0.3,0.2,0,4,yes,no,m,32,18,12,6,4,4,2,4,5,5,4,5,5,4,3,3,5,1,4,2,2,,35.7053669,,,,,,4,1,even,1,22.05131154,0,no
10,E1P2,no_belt,,0,140,yes,150,,10,,156,324,1543,3.5,1.1,0.9,24,5,yes,no,m,32,18,12,6,4,4,2,4,5,5,4,5,5,4,3,3,5,1,4,2,2,,39.08095424,,,,,,5,1,even,1,49.29263023,0,no
10,E1P3,yes_belt,,0,73,yes,,310,200,80,301,118,691,1.2,0.4,0.2,0,6,yes,no,m,32,18,12,6,4,4,2,4,5,5,4,5,5,4,3,3,5,1,4,2,2,,40.36174334,,,,,,6,1,even,1,24.36305869,0,no
10,E2P2,yes_belt,,0,40,yes,,260,65,65,275,88,563,0.9,0.3,0.2,0,7,yes,no,m,32,18,12,6,4,4,2,4,5,5,4,5,5,4,3,3,5,1,4,2,2,38.40017484,26.42643895,,,,,,7,2,even,1,14.51278176,0,no
10,E2P3,no_belt,,0,103,yes,345,,170,,357,195,991,2.7,0.3,0.4,3,8,yes,no,m,32,18,12,6,4,4,2,4,5,5,4,5,5,4,3,3,5,1,4,2,2,40.36174334,107.7581729,,,,,,8,2,even,1,42.61771921,20,yes
10,E2P1,yes_belt,,0,246,yes,,320,140,125,294,118,2640,1.8,0.3,0.3,2,9,yes,no,m,32,18,12,6,4,4,2,4,5,5,4,5,5,4,3,3,5,1,4,2,2,165.0304971,143.0154434,,,,,,9,2,even,1,83.72313629,30,yes
10,E2P2,no_belt,,0,29,yes,260,,50,,275,88,264,1,0.3,0.3,0,10,yes,no,m,32,18,12,6,4,4,2,4,5,5,4,5,5,4,3,3,5,1,4,2,2,38.40017484,26.42643895,,,,,,10,2,even,1,12.6836838,75,yes
10,E2P3,yes_belt,,0,126,yes,,320,190,210,357,195,1487,2.7,0.4,0.4,2,11,yes,no,m,32,18,12,6,4,4,2,4,5,5,4,5,5,4,3,3,5,1,4,2,2,40.36174334,107.7581729,,,,,,11,2,even,1,48.90448409,50,yes
10,E2P1,no_belt,,0,189,yes,290,,105,,294,118,1874,1.5,0.3,0.2,0,12,yes,no,m,32,18,12,6,4,4,2,4,5,5,4,5,5,4,3,3,5,1,4,2,2,165.0304971,143.0154434,,,,,,12,2,even,1,71.45860163,80,yes
11,E2P2,no_belt,,0,29,yes,290,,60,,275,88,173,1,0.3,0.3,0,1,yes,no,m,40,18,11,7,50,4,2,4,5,4,5,5,5,4,3,3,4,2,4,2,2,38.40017484,26.42643895,,,,,,1,2,odd,2,29.33412254,0,no
11,E2P3,yes_belt,,0,254,yes,,345,200,190,357,195,2401,1.8,0.5,0.4,1,2,yes,no,m,40,18,11,7,50,4,2,4,5,4,5,5,5,4,3,3,4,2,4,2,2,40.36174334,107.7581729,,,,,,2,2,odd,2,70.30270515,0,no
11,E2P1,no_belt,,0,122,no,335,,60,,294,113,1303,4.9,1.1,1.3,24,3,yes,no,m,40,18,11,7,50,4,2,4,5,4,5,5,5,4,3,3,4,2,4,2,2,165.0304971,143.0154434,1820,880,1,111.1704,,3,2,odd,2,36.55377503,10,no
11,E2P2,yes_belt,,0,44,yes,,260,135,40,275,88,129,1.1,0.5,0.3,0,4,yes,no,m,40,18,11,7,50,4,2,4,5,4,5,5,5,4,3,3,4,2,4,2,2,38.40017484,26.42643895,,,,,,4,2,odd,2,14.20114249,0,no
11,E2P3,no_belt,,0,80,no,30,,205,,357,197,814,5.9,1.9,1.6,51,5,yes,no,m,40,18,11,7,50,4,2,4,5,4,5,5,5,4,3,3,4,2,4,2,2,40.36174334,107.7581729,1660,880,1,84.7426,,5,2,odd,2,22.11447005,40,no
11,E2P1,yes_belt,,0,357,yes,,300,260,100,294,118,3528,2,0.4,0.4,1,6,yes,no,m,40,18,11,7,50,4,2,4,5,4,5,5,5,4,3,3,4,2,4,2,2,165.0304971,143.0154434,,,,,,6,2,odd,2,105.6430802,0,no
11,E1P1,yes_belt,,0,88,yes,,355,225,205,345,179,860,1.2,0.3,0.2,0,7,yes,no,m,40,18,11,7,50,4,2,4,5,4,5,5,5,4,3,3,4,2,4,2,2,,35.7053669,,,,,,7,1,odd,2,22.50649196,0,no
11,E1P2,no_belt,,0,178,yes,165,,100,,156,324,347,1.4,0.4,0.3,0,8,yes,no,m,40,18,11,7,50,4,2,4,5,4,5,5,5,4,3,3,4,2,4,2,2,,39.08095424,,,,,,8,1,odd,2,48.88578871,5,no
11,E1P3,yes_belt,,0,79,yes,,300,60,70,301,118,806,1.3,0.5,0.3,0,9,yes,no,m,40,18,11,7,50,4,2,4,5,4,5,5,5,4,3,3,4,2,4,2,2,,40.36174334,,,,,,9,1,odd,2,26.70000767,0,no
11,E1P1,no_belt,,0,49,yes,30,,225,,345,179,476,1,0.3,0.2,0,10,yes,no,m,40,18,11,7,50,4,2,4,5,4,5,5,5,4,3,3,4,2,4,2,2,,35.7053669,,,,,,10,1,odd,2,27.69038454,0,no
11,E1P2,yes_belt,,0,64,yes,,110,360,320,156,324,648,1.4,0.3,0.3,0,11,yes,no,m,40,18,11,7,50,4,2,4,5,4,5,5,5,4,3,3,4,2,4,2,2,,39.08095424,,,,,,11,1,odd,2,19.87415919,0,no
11,E1P3,no_belt,,0,74,yes,265,,90,,301,118,718,2,0.6,0.5,12,12,yes,no,m,40,18,11,7,50,4,2,4,5,4,5,5,5,4,3,3,4,2,4,2,2,,40.36174334,,,,,,12,1,odd,2,26.76440588,0,no
12,E1P1,no_belt,,0,32,yes,360,,200,,345,179,288,1,0.3,0.3,0,1,yes,no,m,44,22,17,5,2,4,1,4,4,4,5,5,5,5,5,3,4,4,4,2,2,,35.7053669,,,,,,1,1,even,1,19.61428939,85,no
12,E1P2,yes_belt,,0,64,yes,,140,310,270,156,324,574,1.7,0.8,0.5,3,2,yes,no,m,44,22,17,5,2,4,1,4,4,4,5,5,5,5,5,3,4,4,4,2,2,,39.08095424,,,,,,2,1,even,1,35.14557824,70,no
12,E1P3,no_belt,,0,25,yes,285,,140,,301,118,205,1,0.2,0.2,0,3,yes,no,m,44,22,17,5,2,4,1,4,4,4,5,5,5,5,5,3,4,4,4,2,2,,40.36174334,,,,,,3,1,even,1,18.6737967,50,no
12,E1P1,yes_belt,,0,55,yes,,340,200,200,345,179,379,1.6,0.4,0.4,2,4,yes,no,m,44,22,17,5,2,4,1,4,4,4,5,5,5,5,5,3,4,4,4,2,2,,35.7053669,,,,,,4,1,even,1,25.68796803,90,no
12,E1P2,no_belt,,0,22,yes,135,,295,,156,324,358,1.1,0.4,0.2,0,5,yes,no,m,44,22,17,5,2,4,1,4,4,4,5,5,5,5,5,3,4,4,4,2,2,,39.08095424,,,,,,5,1,even,1,17.73330402,90,no
12,E1P3,yes_belt,,0,35,yes,,305,145,120,301,118,336,0.6,0.2,0.1,0,6,yes,no,m,44,22,17,5,2,4,1,4,4,4,5,5,5,5,5,3,4,4,4,2,2,,40.36174334,,,,,,6,1,even,1,21.82374871,80,no
12,E2P2,yes_belt,,0,75,yes,,275,60,30,275,88,728,3.6,1.6,1.1,55,7,yes,no,m,44,22,17,5,2,4,1,4,4,4,5,5,5,5,5,3,4,4,4,2,2,38.40017484,26.42643895,,,,,,7,2,even,1,30.09751453,80,no
12,E2P3,no_belt,,0,59,yes,20,,230,,357,195,568,2.7,0.4,0.5,4,8,yes,no,m,44,22,17,5,2,4,1,4,4,4,5,5,5,5,5,3,4,4,4,2,2,40.36174334,107.7581729,,,,,,8,2,even,1,43.31314508,80,no
12,E2P1,yes_belt,,0,159,yes,,295,155,95,294,118,1608,5.4,0.4,0.7,4,9,yes,no,m,44,22,17,5,2,4,1,4,4,4,5,5,5,5,5,3,4,4,4,2,2,165.0304971,143.0154434,,,,,,9,2,even,1,79.88299783,50,no
12,E2P2,no_belt,,0,16,yes,260,,55,,275,88,147,0.7,0.3,0.2,0,10,yes,no,m,44,22,17,5,2,4,1,4,4,4,5,5,5,5,5,3,4,4,4,2,2,38.40017484,26.42643895,,,,,,10,2,even,1,14.17385096,95,no
12,E2P3,yes_belt,,0,100,yes,,335,220,205,357,195,957,1.5,0.4,0.4,0,11,yes,no,m,44,22,17,5,2,4,1,4,4,4,5,5,5,5,5,3,4,4,4,2,2,40.36174334,107.7581729,,,,,,11,2,even,1,50.55133357,80,no
12,E2P1,no_belt,,0,103,yes,290,,140,,294,118,1041,5.5,0.4,0.8,5,12,yes,no,m,44,22,17,5,2,4,1,4,4,4,5,5,5,5,5,3,4,4,4,2,2,165.0304971,143.0154434,,,,,,12,2,even,1,67.79982401,80,no
13,E2P2,yes_belt,,0,118,yes,,255,60,45,275,88,303,0.8,0.2,0.2,0,1,yes,no,m,36,21,11,10,6,4,3,3,4,2,4,5,5,4,2,3,4,2,2,2,2,38.40017484,26.42643895,,,,,,1,2,even,2,33.28620085,75,no
13,E2P3,no_belt,,0,221,no,15,,240,,357,255,2367,8.5,1.4,2.1,26,2,yes,no,m,36,21,11,10,6,4,3,3,4,2,4,5,5,4,2,3,4,2,2,2,2,40.36174334,107.7581729,1220,1960,1,47.7868,,2,2,even,2,95.34678453,50,no
13,E2P1,yes_belt,,0,84,no,,285,60,80,294,81,898,9.4,2.5,3.4,34,3,yes,no,m,36,21,11,10,6,4,3,3,4,2,4,5,5,4,2,3,4,2,2,2,2,165.0304971,143.0154434,880,900,1,110.3718,,3,2,even,2,31.45143839,60,no
13,E2P2,no_belt,,0,129,yes,260,,75,,275,88,282,0.9,0.3,0.2,0,4,yes,no,m,36,21,11,10,6,4,3,3,4,2,4,5,5,4,2,3,4,2,2,2,2,38.40017484,26.42643895,,,,,,4,2,even,2,43.14274341,40,no
13,E2P3,yes_belt,,0,129,yes,,360,235,205,357,195,1335,1.4,0.3,0.3,0,5,yes,no,m,36,21,11,10,6,4,3,3,4,2,4,5,5,4,2,3,4,2,2,2,2,40.36174334,107.7581729,,,,,,5,2,even,2,48.98807074,35,no
13,E2P1,no_belt,,0,180,no,265,,55,,294,93,1967,5.4,1.2,1.6,25,6,yes,no,m,36,21,11,10,6,4,3,3,4,2,4,5,5,4,2,3,4,2,2,2,2,165.0304971,143.0154434,1275,880,1,24.6276,,6,2,even,2,79.01807518,30,no
13,E1P1,no_belt,,0,153,yes,50,,135,,345,179,1443,10.9,2.8,3.2,47,7,yes,no,m,36,21,11,10,6,4,3,3,4,2,4,5,5,4,2,3,4,2,2,2,2,,35.7053669,,,,,,7,1,even,2,56.71509543,30,no
13,E1P2,yes_belt,,0,180,no,,140,330,290,156,299,1814,4,1.1,1,24,8,yes,no,m,36,21,11,10,6,4,3,3,4,2,4,5,5,4,2,3,4,2,2,2,2,,39.08095424,,,,,,8,1,even,2,54.51439485,15,no
13,E1P3,no_belt,,0,79,yes,285,,160,,301,118,754,10.5,3.2,3.6,51,9,yes,no,m,36,21,11,10,6,4,3,3,4,2,4,5,5,4,2,3,4,2,2,2,2,,40.36174334,,,,,,9,1,even,2,34.31118058,15,no
13,E1P1,yes_belt,,0,90,yes,,305,165,205,345,179,778,1.9,0.4,0.4,4,10,yes,no,m,36,21,11,10,6,4,3,3,4,2,4,5,5,4,2,3,4,2,2,2,2,,35.7053669,,,,,,10,1,even,2,26.83528293,5,no
13,E1P2,no_belt,,0,116,yes,145,,10,,156,324,1150,3.8,1.5,1.1,48,11,yes,no,m,36,21,11,10,6,4,3,3,4,2,4,5,5,4,2,3,4,2,2,2,2,,39.08095424,,,,,,11,1,even,2,43.60739761,50,yes
13,E1P3,yes_belt,,0,71,yes,,280,100,120,301,118,711,4.7,1.6,1.8,36,12,yes,no,m,36,21,11,10,6,4,3,3,4,2,4,5,5,4,2,3,4,2,2,2,2,,40.36174334,,,,,,12,1,even,2,34.93320223,15,no
14,E1P1,yes_belt,,0,69,yes,,345,170,195,345,179,778,1.1,0.3,0.2,0,1,yes,no,m,27,8,2,6,15,5,2,3,4,5,4,5,5,4,4,2,4,4,4,2,2,,35.7053669,,,,,,1,1,odd,1,23.57232887,40,no
14,E1P2,no_belt,,1,51,yes,125,,310,,156,324,0,0,0,0,0,2,yes,no,m,27,8,2,6,15,5,2,3,4,5,4,5,5,4,4,2,4,4,4,2,2,,39.08095424,,,,,,2,1,odd,1,20.93271014,40,no
14,E1P3,yes_belt,,0,75,yes,,265,160,125,301,118,713,0.9,0.2,0.2,0,3,yes,no,m,27,8,2,6,15,5,2,3,4,5,4,5,5,4,4,2,4,4,4,2,2,,40.36174334,,,,,,3,1,odd,1,23.81288123,15,no
14,E1P1,no_belt,,0,50,yes,350,,160,,345,179,571,1.2,0.4,0.3,0,4,yes,no,m,27,8,2,6,15,5,2,3,4,5,4,5,5,4,4,2,4,4,4,2,2,,35.7053669,,,,,,4,1,odd,1,19.05141211,0,no
14,E1P2,yes_belt,,0,58,yes,,160,310,270,156,324,677,1.4,0.4,0.4,0,5,yes,no,m,27,8,2,6,15,5,2,3,4,5,4,5,5,4,4,2,4,4,4,2,2,,39.08095424,,,,,,5,1,odd,1,20.5646497,40,no
14,E1P3,no_belt,,0,69,yes,280,,155,,301,118,674,1.4,0.3,0.3,0,6,yes,no,m,27,8,2,6,15,5,2,3,4,5,4,5,5,4,4,2,4,4,4,2,2,,40.36174334,,,,,,6,1,odd,1,22.81400817,20,no
14,E2P2,no_belt,,0,70,no,210,,25,,275,49,562,9,3.3,3.2,50,7,yes,no,m,27,8,2,6,15,5,2,3,4,5,4,5,5,4,4,2,4,4,4,2,2,38.40017484,26.42643895,350,880,1,19.2194,,7,2,odd,1,24.78976716,0,no
14,E2P3,yes_belt,,0,152,yes,,285,190,195,357,195,1492,1.5,0.4,0.3,0,8,yes,no,m,27,8,2,6,15,5,2,3,4,5,4,5,5,4,4,2,4,4,4,2,2,40.36174334,107.7581729,,,,,,8,2,odd,1,52.24451903,50,no
14,E2P1,no_belt,,0,53,no,265,,185,,294,125,760,3.4,1.1,1.1,39,9,yes,no,m,27,8,2,6,15,5,2,3,4,5,4,5,5,4,4,2,4,4,4,2,2,165.0304971,143.0154434,1470,1970,1,125.5768,,9,2,odd,1,19.35200767,0,no
14,E2P3,no_belt,,0,102,yes,25,,205,,357,195,1047,1,0.3,0.2,0,10,yes,no,m,27,8,2,6,15,5,2,3,4,5,4,5,5,4,4,2,4,4,4,2,2,40.36174334,107.7581729,,,,,,10,2,odd,1,44.85570325,40,no
14,E2P1,yes_belt,,0,226,yes,,285,175,105,294,118,2241,2.3,0.3,0.4,4,11,yes,no,m,27,8,2,6,15,5,2,3,4,5,4,5,5,4,4,2,4,4,4,2,2,165.0304971,143.0154434,,,,,,11,2,odd,1,80.94004326,0,no
14,E2P2,yes_belt,,0,30,yes,,250,25,30,275,88,253,1,0.3,0.3,0,12,yes,no,m,27,8,2,6,15,5,2,3,4,5,4,5,5,4,4,2,4,4,4,2,2,38.40017484,26.42643895,,,,,,12,2,odd,1,14.10790263,0,no
15,E2P2,no_belt,,0,63,no,265,,235,,275,105,693,2.7,0.8,0.9,27,1,yes,no,m,57,35,15,20,10,4,2,5,5,5,5,5,5,5,4,3,5,2,5,2,4,38.40017484,26.42643895,1590,1130,1,12.1822,,1,2,odd,2,16.76368399,0,no
15,E2P3,yes_belt,,0,221,yes,,315,150,195,357,195,1971,1.1,0.4,0.3,0,2,yes,no,m,57,35,15,20,10,4,2,5,5,5,5,5,5,5,4,3,5,2,5,2,4,40.36174334,107.7581729,,,,,,2,2,odd,2,56.14454182,4,no
15,E2P1,no_belt,,0,97,no,325,,180,,294,116,1261,5.9,0.8,1.5,14,3,yes,no,m,57,35,15,20,10,4,2,5,5,5,5,5,5,5,4,3,5,2,5,2,4,165.0304971,143.0154434,1870,880,1,112.1714,,3,2,odd,2,31.37162835,0,no
15,E2P2,yes_belt,,0,41,yes,,270,70,45,275,88,105,0.9,0.2,0.3,0,4,yes,no,m,57,35,15,20,10,4,2,5,5,5,5,5,5,5,4,3,5,2,5,2,4,38.40017484,26.42643895,,,,,,4,2,odd,2,41.51031398,1,no
15,E2P3,no_belt,,0,66,no,70,,70,,357,356,649,8.2,2.3,2.7,34,5,yes,no,m,57,35,15,20,10,4,2,5,5,5,5,5,5,5,4,3,5,2,5,2,4,40.36174334,107.7581729,330,680,1,82.7156,,5,2,odd,2,19.59768611,5,no
15,E2P1,yes_belt,,0,342,yes,,300,200,160,294,118,3237,5.5,0.5,0.7,4,6,yes,no,m,57,35,15,20,10,4,2,5,5,5,5,5,5,5,4,3,5,2,5,2,4,165.0304971,143.0154434,,,,,,6,2,odd,2,86.68124308,0,no
15,E1P1,yes_belt,,0,137,yes,,325,160,180,345,179,1291,0.7,0.3,0.2,0,7,yes,no,m,57,35,15,20,10,4,2,5,5,5,5,5,5,5,4,3,5,2,5,2,4,,35.7053669,,,,,,7,1,odd,2,26.50159626,0,no
15,E1P2,no_belt,,0,67,yes,120,,95,,156,324,840,1.6,0.5,0.4,1,8,yes,no,m,57,35,15,20,10,4,2,5,5,5,5,5,5,5,4,3,5,2,5,2,4,,39.08095424,,,,,,8,1,odd,2,23.32997807,3,no
15,E1P3,yes_belt,,0,64,yes,,320,180,155,301,118,623,0.8,0.3,0.2,0,9,yes,no,m,57,35,15,20,10,4,2,5,5,5,5,5,5,5,4,3,5,2,5,2,4,,40.36174334,,,,,,9,1,odd,2,23.13134378,0,no
15,E1P1,no_belt,,0,55,yes,350,,180,,345,179,618,1.4,0.5,0.4,0,10,yes,no,m,57,35,15,20,10,4,2,5,5,5,5,5,5,5,4,3,5,2,5,2,4,,35.7053669,,,,,,10,1,odd,2,22.05291247,0,no
15,E1P2,yes_belt,,0,60,yes,,135,350,300,156,324,768,1.7,0.5,0.4,3,11,yes,no,m,57,35,15,20,10,4,2,5,5,5,5,5,5,5,4,3,5,2,5,2,4,,39.08095424,,,,,,11,1,odd,2,24.0411074,0,no
15,E1P3,no_belt,,0,82,yes,275,,165,,301,118,421,2.7,1,0.9,33,12,yes,no,m,57,35,15,20,10,4,2,5,5,5,5,5,5,5,4,3,5,2,5,2,4,,40.36174334,,,,,,12,1,odd,2,25.37734247,0,no
17,E1P1,yes_belt,,0,177,yes,,10,90,20,345,179,1567,0.9,0.3,0.2,0,1,no,no,f,26,4,0,4,1,1,4,5,4,3,5,4,5,4,3,4,5,2,4,2,2,,35.7053669,,,,,,1,1,odd,1,25.59062795,0,no
17,E1P2,no_belt,,0,180,no,295,,5,,156,289,1807,3.8,1.7,1.1,49,2,no,no,f,26,4,0,4,1,1,4,5,4,3,5,4,5,4,3,4,5,2,4,2,2,,39.08095424,,,,,,2,1,odd,1,47.11402902,0,no
17,E1P3,yes_belt,,0,195,yes,,330,100,130,301,118,2047,0.9,0.3,0.2,0,3,no,no,f,26,4,0,4,1,1,4,5,4,3,5,4,5,4,3,4,5,2,4,2,2,,40.36174334,,,,,,3,1,odd,1,31.71735933,0,no
17,E1P1,no_belt,,0,179,yes,335,,150,,345,179,1764,10.2,3,2.9,54,4,no,no,f,26,4,0,4,1,1,4,5,4,3,5,4,5,4,3,4,5,2,4,2,2,,35.7053669,,,,,,4,1,odd,1,65.02014491,0,no
17,E1P2,yes_belt,,0,98,yes,,140,75,290,156,324,991,1.8,0.4,0.4,2,5,no,no,f,26,4,0,4,1,1,4,5,4,3,5,4,5,4,3,4,5,2,4,2,2,,39.08095424,,,,,,5,1,odd,1,22.28539426,0,no
17,E1P3,no_belt,,0,191,yes,290,,185,,301,118,845,11.3,5.6,4.5,66,6,no,no,f,26,4,0,4,1,1,4,5,4,3,5,4,5,4,3,4,5,2,4,2,2,,40.36174334,,,,,,6,1,odd,1,173.0372298,0,no
17,E2P2,no_belt,,1,67,no,290,,45,,275,86,0,0,0,0,0,7,no,no,f,26,4,0,4,1,1,4,5,4,3,5,4,5,4,3,4,5,2,4,2,2,38.40017484,26.42643895,1770,280,1,17.3904,1,7,2,odd,1,18.67648617,0,no
17,E2P3,yes_belt,,0,196,yes,,345,155,200,357,195,2049,1,0.3,0.2,0,8,no,no,f,26,4,0,4,1,1,4,5,4,3,5,4,5,4,3,4,5,2,4,2,2,40.36174334,107.7581729,,,,,,8,2,odd,1,50.70790957,0,no
17,E2P1,no_belt,,0,74,no,,,240,,294,160,754,3.6,1.5,1.3,43,9,no,no,f,26,4,0,4,1,1,4,5,4,3,5,4,5,4,3,4,5,2,4,2,2,165.0304971,143.0154434,1370,2130,1,126.2076,,9,2,odd,1,24.99906357,0,no
17,E2P2,yes_belt,,1,91,no,,265,175,100,275,100,0,0,0,0,0,10,no,no,f,26,4,0,4,1,1,4,5,4,3,5,4,5,4,3,4,5,2,4,2,2,38.40017484,26.42643895,1500,890,1,8.267,1,10,2,odd,1,21.75301455,0,no
17,E2P3,no_belt,,0,37,no,20,,170,,357,121,410,6.1,3.3,2.1,65,11,no,no,f,26,4,0,4,1,1,4,5,4,3,5,4,5,4,3,4,5,2,4,2,2,40.36174334,107.7581729,1120,-40,1,93.1266,,11,2,odd,1,12.82323392,0,no
17,E2P1,yes_belt,,0,345,yes,,315,165,135,294,118,3646,1.3,0.3,0.3,0,12,no,no,f,26,4,0,4,1,1,4,5,4,3,5,4,5,4,3,4,5,2,4,2,2,165.0304971,143.0154434,,,,,,12,2,odd,1,84.31959254,0,no
18,E2P2,yes_belt,,0,53,yes,,255,50,40,275,88,460,0.8,0.3,0.2,0,1,no,no,m,33,15,9,6,0,3,1,4,4,4,4,5,5,3,3,4,4,2,2,3,2,38.40017484,26.42643895,,,,,,1,2,even,2,20.01966756,0,no
18,E2P3,no_belt,,0,143,yes,335,,210,,357,195,1551,0.9,0.4,0.3,0,2,no,no,m,33,15,9,6,0,3,1,4,4,4,4,5,5,3,3,4,4,2,2,3,2,40.36174334,107.7581729,,,,,,2,2,even,2,48.37992789,0,no
18,E2P1,yes_belt,,0,305,yes,,285,120,130,294,118,2943,1.4,0.3,0.2,0,3,no,no,m,33,15,9,6,0,3,1,4,4,4,4,5,5,3,3,4,4,2,2,3,2,165.0304971,143.0154434,,,,,,3,2,even,2,85.26974026,5,yes
18,E2P3,yes_belt,,0,197,yes,,325,195,215,357,195,1882,0.9,0.3,0.2,0,4,no,no,m,33,15,9,6,0,3,1,4,4,4,4,5,5,3,3,4,4,2,2,3,2,40.36174334,107.7581729,,,,,,4,2,even,2,48.43014291,10,no
18,E2P1,no_belt,,0,85,no,260,,100,,294,116,873,5,1,1.5,22,5,no,no,m,33,15,9,6,0,3,1,4,4,4,4,5,5,3,3,4,4,2,2,3,2,165.0304971,143.0154434,1770,1160,1,111.6944,,5,2,even,2,29.81781354,0,no
18,E2P2,no_belt,,0,32,yes,265,,35,,275,88,95,0.8,0.4,0.2,0,6,no,no,m,33,15,9,6,0,3,1,4,4,4,4,5,5,3,3,4,4,2,2,3,2,38.40017484,26.42643895,,,,,,6,2,even,2,15.65559829,50,yes
18,E1P1,no_belt,,0,66,yes,320,,185,,345,179,606,1.2,0.3,0.2,0,7,no,no,m,33,15,9,6,0,3,1,4,4,4,4,5,5,3,3,4,4,2,2,3,2,,35.7053669,,,,,,7,1,even,2,20.33821894,0,no
18,E1P2,yes_belt,,0,88,yes,,135,275,305,156,324,885,1.4,0.4,0.3,0,8,no,no,m,33,15,9,6,0,3,1,4,4,4,4,5,5,3,3,4,4,2,2,3,2,,39.08095424,,,,,,8,1,even,2,21.58389592,0,no
18,E1P3,no_belt,,0,81,yes,270,,140,,301,118,805,10.6,3.2,3.9,42,9,no,no,m,33,15,9,6,0,3,1,4,4,4,4,5,5,3,3,4,4,2,2,3,2,,40.36174334,,,,,,9,1,even,2,31.5162534,0,no
18,E1P1,yes_belt,,0,79,yes,,305,200,200,345,179,738,1,0.2,0.2,0,10,no,no,m,33,15,9,6,0,3,1,4,4,4,4,5,5,3,3,4,4,2,2,3,2,,35.7053669,,,,,,10,1,even,2,21.43157302,5,yes
18,E1P2,no_belt,,0,71,yes,220,,270,,156,324,642,1.8,0.4,0.3,1,11,no,no,m,33,15,9,6,0,3,1,4,4,4,4,5,5,3,3,4,4,2,2,3,2,,39.08095424,,,,,,11,1,even,2,18.2761147,10,no
18,E1P3,yes_belt,,0,67,yes,,300,145,90,301,118,600,1.1,0.3,0.2,0,12,no,no,m,33,15,9,6,0,3,1,4,4,4,4,5,5,3,3,4,4,2,2,3,2,,40.36174334,,,,,,12,1,even,2,24.03468944,10,no
19,E1P1,no_belt,,0,192,yes,350,,190,,345,179,1899,7.7,3.4,2.5,68,1,no,no,m,46,30,10,20,0,5,1,5,5,5,5,5,5,5,5,2,4,1,5,2,2,,35.7053669,,,,,,1,1,even,1,56.95280657,0,no
19,E1P2,yes_belt,,0,132,yes,,185,350,290,156,324,1315,2,0.9,0.5,7,2,no,no,m,46,30,10,20,0,5,1,5,5,5,5,5,5,5,5,2,4,1,5,2,2,,39.08095424,,,,,,2,1,even,1,35.50213939,0,no
19,E1P3,no_belt,,0,76,yes,235,,80,,301,118,729,10.4,4.3,4.3,52,3,no,no,m,46,30,10,20,0,5,1,5,5,5,5,5,5,5,5,2,4,1,5,2,2,,40.36174334,,,,,,3,1,even,1,28.79877186,0,no
19,E1P1,yes_belt,,0,67,yes,,340,125,190,345,179,591,0.8,0.2,0.1,0,4,no,no,m,46,30,10,20,0,5,1,5,5,5,5,5,5,5,5,2,4,1,5,2,2,,35.7053669,,,,,,4,1,even,1,19.05989427,0,no
19,E1P2,no_belt,,0,133,yes,110,,345,,156,324,1330,3.7,1.2,1.1,34,5,no,no,m,46,30,10,20,0,5,1,5,5,5,5,5,5,5,5,2,4,1,5,2,2,,39.08095424,,,,,,5,1,even,1,37.03595659,0,no
19,E1P3,yes_belt,,0,64,yes,,320,60,115,301,118,612,0.8,0.2,0.2,0,6,no,no,m,46,30,10,20,0,5,1,5,5,5,5,5,5,5,5,2,4,1,5,2,2,,40.36174334,,,,,,6,1,even,1,23.2573383,1,yes
19,E2P2,yes_belt,,0,38,yes,,255,55,55,275,88,414,1.1,0.4,0.3,0,7,no,no,m,46,30,10,20,0,5,1,5,5,5,5,5,5,5,5,2,4,1,5,2,2,38.40017484,26.42643895,,,,,,7,2,even,1,16.35476123,1,no
19,E2P3,no_belt,,0,120,no,30,,190,,357,157,1197,5.9,1,1.3,27,8,no,no,m,46,30,10,20,0,5,1,5,5,5,5,5,5,5,5,2,4,1,5,2,2,40.36174334,107.7581729,1550,320,1,39.6112,,8,2,even,1,49.63271789,0,no
19,E2P1,yes_belt,,0,210,yes,,300,110,105,294,118,2073,1.5,0.3,0.3,0,9,no,no,m,46,30,10,20,0,5,1,5,5,5,5,5,5,5,5,2,4,1,5,2,2,165.0304971,143.0154434,,,,,,9,2,even,1,80.47425639,0,no
19,E2P2,no_belt,,0,25,yes,290,,55,,275,88,96,1,0.5,0.3,0,10,no,no,m,46,30,10,20,0,5,1,5,5,5,5,5,5,5,5,2,4,1,5,2,2,38.40017484,26.42643895,,,,,,10,2,even,1,14.27888093,0,no
19,E2P3,yes_belt,,0,139,yes,,300,220,220,357,195,1335,1.9,0.5,0.4,3,11,no,no,m,46,30,10,20,0,5,1,5,5,5,5,5,5,5,5,2,4,1,5,2,2,40.36174334,107.7581729,,,,,,11,2,even,1,51.44132048,1,no
19,E2P1,no_belt,,0,165,no,320,,110,,294,121,1662,5.7,0.6,1,7,12,no,no,m,46,30,10,20,0,5,1,5,5,5,5,5,5,5,5,2,4,1,5,2,2,165.0304971,143.0154434,,,3,,,12,2,even,1,70.07332001,1,yes
20,E1P1,yes_belt,,0,75,yes,,360,85,190,345,179,1041,1.6,0.4,0.5,12,1,no,no,m,58,39,35,4,0,4,1,5,5,5,5,5,5,5,4,1,4,1,4,2,2,,35.7053669,,,,,,1,1,odd,1,26.262608,0,no
20,E1P2,no_belt,,0,180,no,290,,170,,156,258,1885,15.3,7.4,5.4,81,2,no,no,m,58,39,35,4,0,4,1,5,5,5,5,5,5,5,4,1,4,1,4,2,2,,39.08095424,,,,,,2,1,odd,1,58.80651109,10,no
20,E1P3,yes_belt,,0,56,yes,,305,35,85,301,118,563,0.6,0.2,0.1,0,3,no,no,m,58,39,35,4,0,4,1,5,5,5,5,5,5,5,4,1,4,1,4,2,2,,40.36174334,,,,,,3,1,odd,1,23.2195643,25,unsure
20,E1P1,no_belt,,0,240,no,340,,160,,345,181,1968,7.9,2.5,2.6,51,4,no,no,m,58,39,35,4,0,4,1,5,5,5,5,5,5,5,4,1,4,1,4,2,2,,35.7053669,,,,,,4,1,odd,1,72.85745364,40,no
20,E1P2,yes_belt,,0,119,yes,,130,60,325,156,324,1310,1.9,0.9,0.4,3,5,no,no,m,58,39,35,4,0,4,1,5,5,5,5,5,5,5,4,1,4,1,4,2,2,,39.08095424,,,,,,5,1,odd,1,32.86786451,60,yes
20,E1P3,no_belt,,0,149,yes,195,,80,,301,118,1445,13.9,6.2,4.7,73,6,no,no,m,58,39,35,4,0,4,1,5,5,5,5,5,5,5,4,1,4,1,4,2,2,,40.36174334,,,,,,6,1,odd,1,58.82655822,50,yes
20,E2P2,no_belt,,0,53,yes,305,,50,,275,88,348,2.5,1.4,0.6,52,7,no,no,m,58,39,35,4,0,4,1,5,5,5,5,5,5,5,4,1,4,1,4,2,2,38.40017484,26.42643895,,,,,,7,2,odd,1,20.90263369,80,yes
20,E2P3,yes_belt,,0,119,yes,,305,145,175,357,195,1144,1.3,0.4,0.3,0,8,no,no,m,58,39,35,4,0,4,1,5,5,5,5,5,5,5,4,1,4,1,4,2,2,40.36174334,107.7581729,,,,,,8,2,odd,1,49.96096163,80,yes
20,E2P1,no_belt,,0,96,no,250,,125,,294,100,1018,6.6,1.4,1.7,31,9,no,no,m,58,39,35,4,0,4,1,5,5,5,5,5,5,5,4,1,4,1,4,2,2,165.0304971,143.0154434,1540,1310,1,105.5838,,9,2,odd,1,36.76231222,40,yes
20,E2P2,yes_belt,,0,35,yes,,275,70,85,275,88,107,0.9,0.4,0.2,0,10,no,no,m,58,39,35,4,0,4,1,5,5,5,5,5,5,5,4,1,4,1,4,2,2,38.40017484,26.42643895,,,,,,10,2,odd,1,15.6701048,90,yes
20,E2P3,no_belt,,0,75,no,70,,200,,357,204,761,8.2,1.9,2.4,32,11,no,no,m,58,39,35,4,0,4,1,5,5,5,5,5,5,5,4,1,4,1,4,2,2,40.36174334,107.7581729,1770,1110,1,88.574,,11,2,odd,1,25.57133845,0,no
20,E2P1,yes_belt,,0,264,yes,,280,315,70,294,118,2727,5.4,0.4,0.7,4,12,no,no,m,58,39,35,4,0,4,1,5,5,5,5,5,5,5,4,1,4,1,4,2,2,165.0304971,143.0154434,,,,,,12,2,odd,1,79.98999988,40,no
21,E2P2,yes_belt,,0,39,yes,,230,130,40,275,88,488,1.4,0.3,0.3,0,1,no,no,m,34,22,10,12,0,5,2,4,5,5,5,5,5,5,5,3,5,2,4,1,1,38.40017484,26.42643895,,,,,,1,2,even,2,20.56518329,0,no
21,E2P3,no_belt,,0,66,no,205,,70,,357,343,582,6.6,2.6,2.6,45,2,no,no,m,34,22,10,12,0,5,2,4,5,5,5,5,5,5,5,3,5,2,4,1,1,40.36174334,107.7581729,410,780,1,80.9068,,2,2,even,2,21.53327708,0,no
21,E2P1,yes_belt,,0,418,yes,,305,270,145,294,118,4202,3.3,0.7,0.7,16,3,no,no,m,34,22,10,12,0,5,2,4,5,5,5,5,5,5,5,3,5,2,4,1,1,165.0304971,143.0154434,,,,,,3,2,even,2,135.3764561,0,no
21,E2P2,no_belt,,0,32,yes,250,,115,,275,88,278,1.2,0.3,0.3,0,4,no,no,m,34,22,10,12,0,5,2,4,5,5,5,5,5,5,5,3,5,2,4,1,1,38.40017484,26.42643895,,,,,,4,2,even,2,14.89625935,0,no
21,E2P3,yes_belt,,0,124,no,,360,330,280,357,252,1283,5.1,1.6,1.7,34,5,no,no,m,34,22,10,12,0,5,2,4,5,5,5,5,5,5,5,3,5,2,4,1,1,40.36174334,107.7581729,870,900,1,70.3446,,5,2,even,2,48.44260315,0,no
21,E2P1,no_belt,,0,72,no,210,,190,,294,115,757,5,1.3,1.6,28,6,no,no,m,34,22,10,12,0,5,2,4,5,5,5,5,5,5,5,3,5,2,4,1,1,165.0304971,143.0154434,1790,970,1,110.7076,,6,2,even,2,30.7084738,0,no
21,E1P1,no_belt,,0,240,no,20,,80,,345,214,2234,7.9,3.2,2,74,7,no,no,m,34,22,10,12,0,5,2,4,5,5,5,5,5,5,5,3,5,2,4,1,1,,35.7053669,,,,,,7,1,even,2,80.9588688,0,no
21,E1P2,yes_belt,,0,86,yes,,205,125,345,156,324,853,1.2,0.3,0.2,0,8,no,no,m,34,22,10,12,0,5,2,4,5,5,5,5,5,5,5,3,5,2,4,1,1,,39.08095424,,,,,,8,1,even,2,25.94899978,0,no
21,E1P3,no_belt,,0,117,yes,330,,200,,301,118,1291,3.9,1.1,1,33,9,no,no,m,34,22,10,12,0,5,2,4,5,5,5,5,5,5,5,3,5,2,4,1,1,,40.36174334,,,,,,9,1,even,2,39.62083539,0,no
21,E1P1,yes_belt,,0,140,yes,,335,165,195,345,179,1071,2.5,0.9,0.7,20,10,no,no,m,34,22,10,12,0,5,2,4,5,5,5,5,5,5,5,3,5,2,4,1,1,,35.7053669,,,,,,10,1,even,2,40.38994552,0,no
21,E1P2,no_belt,,0,143,yes,115,,120,,156,324,466,1.1,0.3,0.3,0,11,no,no,m,34,22,10,12,0,5,2,4,5,5,5,5,5,5,5,3,5,2,4,1,1,,39.08095424,,,,,,11,1,even,2,41.46397876,25,no
21,E1P3,yes_belt,,0,100,yes,,290,125,115,301,118,533,1.6,0.2,0.2,1,12,no,no,m,34,22,10,12,0,5,2,4,5,5,5,5,5,5,5,3,5,2,4,1,1,,40.36174334,,,,,,12,1,even,2,26.65556768,25,unsure
23,E2P2,yes_belt,,0,96,yes,,285,40,70,275,88,1015,4.1,1,0.9,32,1,no,no,m,22,1.5,1,0.5,0,4,2,4,4,3,4,5,5,4,3,2,4,1,4,2,2,38.40017484,26.42643895,,,,,,1,2,even,2,34.76348883,0,no
23,E2P3,no_belt,,0,122,no,65,,280,,357,268,1292,6.9,1.3,1.9,19,2,no,no,m,22,1.5,1,0.5,0,4,2,4,4,3,4,5,5,4,3,2,4,1,4,2,2,40.36174334,107.7581729,880,2340,1,57.9398,,2,2,even,2,36.25911027,30,yes
23,E2P1,yes_belt,,0,317,yes,,255,325,105,294,118,3088,1.5,0.3,0.3,0,3,no,no,m,22,1.5,1,0.5,0,4,2,4,4,3,4,5,5,4,3,2,4,1,4,2,2,165.0304971,143.0154434,,,,,,3,2,even,2,84.74024009,0,no
23,E2P2,no_belt,,1,46,yes,260,,80,,275,88,0,0,0,0,0,4,no,no,m,22,1.5,1,0.5,0,4,2,4,4,3,4,5,5,4,3,2,4,1,4,2,2,38.40017484,26.42643895,,,,,,4,2,even,2,32.77179958,80,yes
23,E2P3,yes_belt,,0,153,yes,,345,230,195,357,195,1418,1.9,0.4,0.3,1,5,no,no,m,22,1.5,1,0.5,0,4,2,4,4,3,4,5,5,4,3,2,4,1,4,2,2,40.36174334,107.7581729,,,,,,5,2,even,2,47.79537565,20,no
23,E2P1,no_belt,,0,98,no,265,,135,,294,130,1052,3.7,1.4,1.1,42,6,no,no,m,22,1.5,1,0.5,0,4,2,4,4,3,4,5,5,4,3,2,4,1,4,2,2,165.0304971,143.0154434,1570,1970,1,127.1912,,6,2,even,2,29.28448889,10,yes
23,E1P1,no_belt,,0,240,no,355,,205,,345,173,2069,7.8,3.3,2.2,75,7,no,no,m,22,1.5,1,0.5,0,4,2,4,4,3,4,5,5,4,3,2,4,1,4,2,2,,35.7053669,,,,,,7,1,even,2,72.46309694,50,yes
23,E1P2,yes_belt,,0,180,no,,140,295,290,156,305,2740,10.2,4.2,2.8,82,8,no,no,m,22,1.5,1,0.5,0,4,2,4,4,3,4,5,5,4,3,2,4,1,4,2,2,,39.08095424,,,,,,8,1,even,2,57.38648399,50,yes
23,E1P3,no_belt,,0,133,yes,255,,160,,301,118,1242,2.9,0.8,0.8,21,9,no,no,m,22,1.5,1,0.5,0,4,2,4,4,3,4,5,5,4,3,2,4,1,4,2,2,,40.36174334,,,,,,9,1,even,2,36.94897289,50,yes
23,E1P1,yes_belt,,0,228,yes,,330,265,210,345,179,2287,8.3,2.3,2.3,47,10,no,no,m,22,1.5,1,0.5,0,4,2,4,4,3,4,5,5,4,3,2,4,1,4,2,2,,35.7053669,,,,,,10,1,even,2,74.99963775,20,yes
23,E1P2,no_belt,,0,180,yes,95,,305,,156,324,1997,3.7,0.9,1,22,11,no,no,m,22,1.5,1,0.5,0,4,2,4,4,3,4,5,5,4,3,2,4,1,4,2,2,,39.08095424,,,,,,11,1,even,2,50.9685511,50,yes
23,E1P3,yes_belt,,0,80,yes,,275,135,115,301,118,763,1.3,0.3,0.3,0,12,no,no,m,22,1.5,1,0.5,0,4,2,4,4,3,4,5,5,4,3,2,4,1,4,2,2,,40.36174334,,,,,,12,1,even,2,24.85751261,30,yes
24,E1P1,yes_belt,,0,52,yes,,360,180,175,345,179,467,1.1,0.3,0.2,0,1,no,no,m,37,12,5,7,0,5,1,5,5,5,5,5,5,5,5,3,4,1,5,2,2,,35.7053669,,,,,,1,1,odd,1,19.5929502,0,no
24,E1P2,no_belt,,0,180,no,185,,270,,156,278,531,10.4,5.4,3.4,79,2,no,no,m,37,12,5,7,0,5,1,5,5,5,5,5,5,5,5,3,4,1,5,2,2,,39.08095424,,,,,,2,1,odd,1,62.18063685,0,no
24,E1P3,yes_belt,,0,50,yes,,335,75,120,301,118,567,1,0.3,0.3,0,3,no,no,m,37,12,5,7,0,5,1,5,5,5,5,5,5,5,5,3,4,1,5,2,2,,40.36174334,,,,,,3,1,odd,1,22.86343452,0,no
24,E1P1,no_belt,,0,63,yes,10,,165,,345,179,609,1.8,0.5,0.4,4,4,no,no,m,37,12,5,7,0,5,1,5,5,5,5,5,5,5,5,3,4,1,5,2,2,,35.7053669,,,,,,4,1,odd,1,26.44738721,0,no
24,E1P2,yes_belt,,0,180,no,,205,20,255,156,323,1702,8.3,3.4,2.5,65,5,no,no,m,37,12,5,7,0,5,1,5,5,5,5,5,5,5,5,3,4,1,5,2,2,,39.08095424,,,,,,5,1,odd,1,63.09967296,0,no
24,E1P3,no_belt,,0,66,yes,275,,140,,301,118,638,10.9,4.7,4.3,59,6,no,no,m,37,12,5,7,0,5,1,5,5,5,5,5,5,5,5,3,4,1,5,2,2,,40.36174334,,,,,,6,1,odd,1,32.05997036,0,no
24,E2P2,no_belt,,0,25,yes,340,,35,,275,88,370,1.3,0.4,0.3,0,7,no,no,m,37,12,5,7,0,5,1,5,5,5,5,5,5,5,5,3,4,1,5,2,2,38.40017484,26.42643895,,,,,,7,2,odd,1,13.4814713,0,no
24,E2P3,yes_belt,,0,104,yes,,320,230,190,357,195,1031,1.1,0.3,0.3,0,8,no,no,m,37,12,5,7,0,5,1,5,5,5,5,5,5,5,5,3,4,1,5,2,2,40.36174334,107.7581729,,,,,,8,2,odd,1,51.63506623,0,no
24,E2P1,no_belt,,0,69,no,350,,35,,294,115,736,7.4,2.4,2.1,52,9,no,no,m,37,12,5,7,0,5,1,5,5,5,5,5,5,5,5,3,4,1,5,2,2,165.0304971,143.0154434,1700,730,1,116.8268,,9,2,odd,1,33.46597621,0,no
24,E2P2,yes_belt,,0,26,yes,,280,10,80,275,88,79,0.9,0.4,0.3,0,10,no,no,m,37,12,5,7,0,5,1,5,5,5,5,5,5,5,5,3,4,1,5,2,2,38.40017484,26.42643895,,,,,,10,2,odd,1,13.97151232,0,no
24,E2P3,no_belt,,0,46,no,20,,15,,357,330,495,7.8,2.7,2.8,50,11,no,no,m,37,12,5,7,0,5,1,5,5,5,5,5,5,5,5,3,4,1,5,2,2,40.36174334,107.7581729,270,890,1,80.3822,,11,2,odd,1,21.72829405,5,no
24,E2P1,yes_belt,,0,177,yes,,280,270,80,294,118,1723,1.2,0.3,0.2,0,12,no,no,m,37,12,5,7,0,5,1,5,5,5,5,5,5,5,5,3,4,1,5,2,2,165.0304971,143.0154434,,,,,,12,2,odd,1,79.84542497,5,no
